ID;ModifyDate;SysComputerName;ComputerDomain;MSSQL;SSAS;SSIS;SSRS;SQLVersion;ResourceVersionString;ProductLevel;Edition;InstanceName;SQLPort;ServerType;SQLCollation;IsCaseSensitive;IsClustered;IsFullTextInstalled;LoginMode;RootDirectory;MasterDBPath;DefaultFile;DefaultLog;BackupDirectory;ErrorLogPath;Decomissioned
;;S1CTX-CORP-DB;Corpnet.teracom.se;TRUE;FALSE;FALSE;FALSE;11.00.3000;Microsoft SQL Server 2012;SP1;Express Edition (64-bit);MSSQLSERVER;1433;Standalone;Finnish_Swedish_CI_AS;FALSE;FALSE;FALSE;Mixed;E:\Microsoft SQL Server\MSSQL11.MSSQLSERVER\MSSQL;E:\Microsoft SQL Server\MSSQL11.MSSQLSERVER\MSSQL\DATA;E:\Microsoft SQL Server\MSSQL11.MSSQLSERVER\MSSQL\DATA\;F:\MSSQL_Log\;E:\Microsoft SQL Server\MSSQL11.MSSQLSERVER\MSSQL\Backup;E:\Microsoft SQL Server\MSSQL11.MSSQLSERVER\MSSQL\Log;0
;;S1DPM;Corpnet.teracom.se;TRUE;FALSE;FALSE;TRUE;11.00.3000;Microsoft SQL Server 2012;SP1;Standard Edition (64-bit);MSSQLSERVER;1433;Standalone;SQL_Latin1_General_CP1_CI_AS;FALSE;FALSE;TRUE;Mixed;F:\Microsoft SQL Server\MSSQL11.MSSQLSERVER\MSSQL;F:\Microsoft SQL Server\MSSQL11.MSSQLSERVER\MSSQL\DATA;F:\SQLData\;F:\SQLData\;F:\SQLBackup;F:\Microsoft SQL Server\MSSQL11.MSSQLSERVER\MSSQL\Log;0
;;S1EV-DB;Corpnet.teracom.se;TRUE;FALSE;FALSE;FALSE;10.50.2500;Microsoft SQL Server 2008 R2;SP1;Standard Edition (64-bit);MSSQLSERVER;1433;Standalone;SQL_Latin1_General_CP1_CI_AS;FALSE;FALSE;FALSE;Mixed;e:\SQL Server\MSSQL10_50.MSSQLSERVER\MSSQL;E:\SQL Server\MSSQL10_50.MSSQLSERVER\MSSQL\DATA;;F:\SQLLog;E:\SQL Server\MSSQL10_50.MSSQLSERVER\MSSQL\Backup;E:\SQL Server\MSSQL10_50.MSSQLSERVER\MSSQL\Log;0
;;S1KAMSRV-T;Corpnet.teracom.se;TRUE;FALSE;FALSE;FALSE;12.00.2000;Microsoft SQL Server 2014;RTM;Express Edition (64-bit);MSSQLSERVER;1433;Standalone;SQL_Latin1_General_CP1_CI_AS;FALSE;FALSE;FALSE;Integrated;C:\Program Files\Microsoft SQL Server\MSSQL12.MSSQLSERVER\MSSQL;C:\Program Files\Microsoft SQL Server\MSSQL12.MSSQLSERVER\MSSQL\DATA;C:\Program Files\Microsoft SQL Server\MSSQL12.MSSQLSERVER\MSSQL\DATA\;C:\Program Files\Microsoft SQL Server\MSSQL12.MSSQLSERVER\MSSQL\DATA\;C:\Program Files\Microsoft SQL Server\MSSQL12.MSSQLSERVER\MSSQL\Backup;C:\Program Files\Microsoft SQL Server\MSSQL12.MSSQLSERVER\MSSQL\Log;0
;;S1KARTDB-P;Corpnet.teracom.se;TRUE;FALSE;FALSE;FALSE;12.00.4100;Microsoft SQL Server 2014;SP1;Standard Edition (64-bit);MSSQLSERVER;1433;Standalone;Finnish_Swedish_CI_AS;FALSE;FALSE;TRUE;Mixed;D:\Program Files\Microsoft SQL Server\MSSQL12.MSSQLSERVER\MSSQL;D:\Program Files\Microsoft SQL Server\MSSQL12.MSSQLSERVER\MSSQL\DATA;E:\Data\;F:\Log\;Y:\Backup;D:\Program Files\Microsoft SQL Server\MSSQL12.MSSQLSERVER\MSSQL\Log;0
;;S1KARTDB-T;Corpnet.teracom.se;TRUE;FALSE;FALSE;FALSE;12.00.4100;Microsoft SQL Server 2014;SP1;Developer Edition (64-bit);MSSQLSERVER;1433;Standalone;Finnish_Swedish_CI_AS;FALSE;FALSE;TRUE;Mixed;D:\Program Files\Microsoft SQL Server\MSSQL12.MSSQLSERVER\MSSQL;D:\Program Files\Microsoft SQL Server\MSSQL12.MSSQLSERVER\MSSQL\DATA;E:\Data\;F:\Log\;Y:\Backup;D:\Program Files\Microsoft SQL Server\MSSQL12.MSSQLSERVER\MSSQL\Log;0
;;S1ORCH;Corpnet.teracom.se;TRUE;FALSE;FALSE;FALSE;11.00.3000;Microsoft SQL Server 2012;SP1;Enterprise Edition: Core-based Licensing (64-bit);MSSQLSERVER;1433;Standalone;Latin1_General_CI_AS;FALSE;FALSE;FALSE;Integrated;E:\Program Files\Microsoft SQL Server\MSSQL11.MSSQLSERVER\MSSQL;E:\Program Files\Microsoft SQL Server\MSSQL11.MSSQLSERVER\MSSQL\DATA;E:\Program Files\Microsoft SQL Server\MSSQL11.MSSQLSERVER\MSSQL\DATA\;E:\Program Files\Microsoft SQL Server\MSSQL11.MSSQLSERVER\MSSQL\DATA\;E:\Program Files\Microsoft SQL Server\MSSQL11.MSSQLSERVER\MSSQL\Backup;E:\Program Files\Microsoft SQL Server\MSSQL11.MSSQLSERVER\MSSQL\Log;1
;;S1SCSM-DB-P;Corpnet.teracom.se;TRUE;FALSE;FALSE;FALSE;13.00.1601;Microsoft SQL Server 2016;RTM;Standard Edition (64-bit);SCSMPSQL;1433;Standalone;Latin1_General_100_CI_AS;FALSE;FALSE;TRUE;Integrated;C:\Program Files\Microsoft SQL Server\MSSQL13.SCSMPSQL\MSSQL;D:\SQL\MSSQL13.SCSMPSQL\MSSQL\Data;D:\;E:\;G:\SQL\MSSQL13.SCSMPSQL\MSSQL\Backup;D:\SQL\MSSQL13.SCSMPSQL\MSSQL\Log;0
;;S1SCSM-DB-T;Corpnet.teracom.se;TRUE;FALSE;FALSE;FALSE;13.00.4435;Microsoft SQL Server 2016;SP1;Standard Edition (64-bit);SCSMTSQL;49589;Standalone;Latin1_General_100_CI_AS;FALSE;FALSE;TRUE;Mixed;C:\Program Files\Microsoft SQL Server\MSSQL13.SCSMTSQL\MSSQL;C:\Program Files\Microsoft SQL Server\MSSQL13.SCSMTSQL\MSSQL\DATA;C:\Program Files\Microsoft SQL Server\MSSQL13.SCSMTSQL\MSSQL\DATA\;C:\Program Files\Microsoft SQL Server\MSSQL13.SCSMTSQL\MSSQL\DATA\;C:\SQL\MSSQL13.SCSMTSQL\MSSQL\Backup;C:\Program Files\Microsoft SQL Server\MSSQL13.SCSMTSQL\MSSQL\Log;0
;;S1SCSM-DWH-P;Corpnet.teracom.se;TRUE;TRUE;FALSE;TRUE;13.00.1601;Microsoft SQL Server 2016;RTM;Standard Edition (64-bit);SCSMPDWHSQL;1433;Standalone;Latin1_General_100_CI_AS;FALSE;FALSE;TRUE;Integrated;C:\Program Files\Microsoft SQL Server\MSSQL13.SCSMPDWHSQL\MSSQL;D:\SQL\MSSQL13.SCSMPDWHSQL\MSSQL\Data;D:\DWH\;E:\DWH\;G:\SQL\MSSQL13.SCSMPDWHSQL\MSSQL\Backup;D:\SQL\MSSQL13.SCSMPDWHSQL\MSSQL\Log;0
;;S1SCSM-ORCH-P;Corpnet.teracom.se;TRUE;FALSE;FALSE;FALSE;13.00.4435;Microsoft SQL Server 2016;SP1;Standard Edition (64-bit);SCOPSQL;1433;Standalone;SQL_Latin1_General_CP1_CI_AS;FALSE;FALSE;FALSE;Mixed;C:\Program Files\Microsoft SQL Server\MSSQL13.SCOPSQL\MSSQL;D:\SQL\MSSQL13.SCOPSQL\MSSQL\Data;D:\SQL\MSSQL13.SCOPSQL\MSSQL\Data\;E:\SQL\MSSQL13.SCOPSQL\MSSQL\Data\;G:\SQL\MSSQL13.SCOPSQL\MSSQL\Backup;D:\SQL\MSSQL13.SCOPSQL\MSSQL\Log;0
;;S1SP-DB-P;Corpnet.teracom.se;TRUE;FALSE;FALSE;FALSE;11.00.3000;Microsoft SQL Server 2012;SP1;Enterprise Edition: Core-based Licensing (64-bit);UCS_PRD;50000;Standalone;Finnish_Swedish_CI_AS;FALSE;FALSE;FALSE;Mixed;C:\Program Files\Microsoft SQL Server\MSSQL11.UCS_PRD\MSSQL;C:\Program Files\Microsoft SQL Server\MSSQL11.UCS_PRD\MSSQL\DATA;E:\SQLData_UCS\;F:\SQLLog_UCS\;G:\SQLBackup_UCS;C:\Program Files\Microsoft SQL Server\MSSQL11.UCS_PRD\MSSQL\Log;0
;;S1SP-DB-P;Corpnet.teracom.se;TRUE;FALSE;FALSE;FALSE;11.00.3000;Microsoft SQL Server 2012;SP1;Enterprise Edition: Core-based Licensing (64-bit);MSSQLSERVER;1433;Standalone;Finnish_Swedish_CI_AS;FALSE;FALSE;FALSE;Mixed;C:\Program Files\Microsoft SQL Server\MSSQL11.MSSQLSERVER\MSSQL;C:\Program Files\Microsoft SQL Server\MSSQL11.MSSQLSERVER\MSSQL\DATA;E:\SQLData\;F:\SQLLog\;G:\SQLBackup\Data;C:\Program Files\Microsoft SQL Server\MSSQL11.MSSQLSERVER\MSSQL\Log;0
;;S1SP-DB-T;Corpnet.teracom.se;TRUE;TRUE;FALSE;FALSE;11.00.3381;Microsoft SQL Server 2012;SP1;Developer Edition (64-bit);DEV;54092;Standalone;Finnish_Swedish_CI_AS;FALSE;FALSE;FALSE;Mixed;C:\Program Files\Microsoft SQL Server\MSSQL11.DEV\MSSQL;C:\Program Files\Microsoft SQL Server\MSSQL11.DEV\MSSQL\DATA;E:\SQLData\DEV\;F:\SQLLog\DEV\;E:\SQLBackup\DEV;C:\Program Files\Microsoft SQL Server\MSSQL11.DEV\MSSQL\Log;0
;;S1SP-DB-T;Corpnet.teracom.se;TRUE;TRUE;FALSE;FALSE;11.00.3381;Microsoft SQL Server 2012;SP1;Developer Edition (64-bit);MSSQLSERVER;1433;Standalone;Finnish_Swedish_CI_AS;FALSE;FALSE;FALSE;Mixed;C:\Program Files\Microsoft SQL Server\MSSQL11.MSSQLSERVER\MSSQL;C:\Program Files\Microsoft SQL Server\MSSQL11.MSSQLSERVER\MSSQL\DATA;E:\SQLData\;F:\SQLLog\;E:\SQLBackup;C:\Program Files\Microsoft SQL Server\MSSQL11.MSSQLSERVER\MSSQL\Log;0
;;S1SQLMGMT-P;Corpnet.teracom.se;TRUE;FALSE;TRUE;TRUE;13.00.4435;Microsoft SQL Server 2016;SP1;Standard Edition (64-bit);MSSQLSERVER;1433;Standalone;Finnish_Swedish_CI_AS;FALSE;FALSE;FALSE;Mixed;B:\SQL\Microsoft SQL Server\MSSQL13.MSSQLSERVER\MSSQL;D:\SQL\MSSQL12.SQLMGMT\MSSQL\DATA;D:\SQL\MSSQL12.SQLMGMT\MSSQL\DATA\;E:\SQL\MSSQL12.SQLMGMT\MSSQL\Data\;X:\SQL\MSSQL12.SQLMGMT\MSSQL\Backup;E:\SQL\MSSQL12.SQLMGMT\MSSQL\Log;0
;;S2SCCM;Corpnet.teracom.se;TRUE;FALSE;FALSE;TRUE;13.00.4001;Microsoft SQL Server 2016;SP1;Standard Edition (64-bit);MSSQLSERVER;1433;Standalone;SQL_Latin1_General_CP1_CI_AS;FALSE;FALSE;TRUE;Integrated;E:\Program Files\Microsoft SQL Server\MSSQL13.MSSQLSERVER\MSSQL;E:\Program Files\Microsoft SQL Server\MSSQL10_50.MSSQLSERVER\MSSQL\DATA;E:\Program Files\Microsoft SQL Server\MSSQL10_50.MSSQLSERVER\MSSQL\DATA\;H:\SQL LOGS\;E:\Program Files\Microsoft SQL Server\MSSQL10_50.MSSQLSERVER\MSSQL\Backup;E:\Program Files\Microsoft SQL Server\MSSQL10_50.MSSQLSERVER\MSSQL\Log;0
;;S2TWEB-DB-T;Corpnet.teracom.se;TRUE;FALSE;TRUE;FALSE;12.00.4100;Microsoft SQL Server 2014;SP1;Developer Edition (64-bit);MSSQLSERVER;1433;Standalone;Finnish_Swedish_CI_AS;FALSE;FALSE;FALSE;Mixed;B:\SQL\Microsoft SQL Server\MSSQL12.EPISERVER\MSSQL;D:\SQL\MSSQL12.EPISERVER\MSSQL\DATA;D:\SQL\MSSQL12.EPISERVER\MSSQL\DATA\;E:\SQL\MSSQL12.EPISERVER\MSSQL\Data\;X:\SQL\MSSQL12.EPISERVER\MSSQL\Backup;D:\SQL\MSSQL12.EPISERVER\MSSQL\Log;0
;;S35A;Corpnet.teracom.se;TRUE;FALSE;TRUE;TRUE;11.00.6020;Microsoft SQL Server 2012;SP3;Standard Edition (64-bit);MSSQLSERVER;1433;Standalone;Finnish_Swedish_CI_AS;FALSE;FALSE;TRUE;Mixed;C:\Program Files\Microsoft SQL Server\MSSQL11.MSSQLSERVER\MSSQL;C:\Program Files\Microsoft SQL Server\MSSQL10_50.MSSQLSERVER\MSSQL\DATA;C:\Program Files\Microsoft SQL Server\MSSQL10_50.MSSQLSERVER\MSSQL\DATA\;C:\Program Files\Microsoft SQL Server\MSSQL10_50.MSSQLSERVER\MSSQL\DATA\;C:\Program Files\Microsoft SQL Server\MSSQL10_50.MSSQLSERVER\MSSQL\Backup;C:\Program Files\Microsoft SQL Server\MSSQL10_50.MSSQLSERVER\MSSQL\Log;0
;;S68A;Corpnet.teracom.se;TRUE;FALSE;FALSE;TRUE;11.00.6020;Microsoft SQL Server 2012;SP3;Standard Edition (64-bit);MSSQLSERVER;1433;Standalone;SQL_Latin1_General_CP1_CI_AS;FALSE;FALSE;FALSE;Mixed;E:\Microsoft SQL Server\MSSQL11.MSSQLSERVER\MSSQL;E:\Microsoft SQL Server\MSSQL10_50.MSSQLSERVER\MSSQL\DATA;E:\Microsoft SQL Server\Data\;E:\Microsoft SQL Server\Data\;E:\Microsoft SQL Server\Backup;E:\Microsoft SQL Server\MSSQL10_50.MSSQLSERVER\MSSQL\Log;0
;;S6DB;Corpnet.teracom.se;TRUE;FALSE;FALSE;FALSE;10.50.4000;Microsoft SQL Server 2008 R2;SP2;Enterprise Edition (64-bit);MSSQLSERVER;1433;Standalone;SQL_Latin1_General_CP1_CI_AS;FALSE;FALSE;FALSE;Mixed;C:\Program Files\Microsoft SQL Server\MSSQL10_50.MSSQLSERVER\MSSQL;C:\Program Files\Microsoft SQL Server\MSSQL10_50.MSSQLSERVER\MSSQL\DATA;E:\SQLdata;F:\SQLlog;F:\Backup;C:\Program Files\Microsoft SQL Server\MSSQL10_50.MSSQLSERVER\MSSQL\Log;0
;;SGHT17VCDB;Corpnet.teracom.se;TRUE;FALSE;FALSE;FALSE;11.00.3000;Microsoft SQL Server 2012;SP1;Standard Edition (64-bit);MSSQLSERVER;1433;Standalone;Finnish_Swedish_CI_AS;FALSE;FALSE;FALSE;Mixed;K:\Microsoft SQL Server\MSSQL11.MSSQLSERVER\MSSQL;K:\Microsoft SQL Server\MSSQL11.MSSQLSERVER\MSSQL\DATA;D:\Data\;L:\Log\;F:\Backup;K:\Microsoft SQL Server\MSSQL11.MSSQLSERVER\MSSQL\Log;1
;;S-K1BUILDSERVER;Corpnet.teracom.se;TRUE;FALSE;FALSE;FALSE;11.00.2100;Microsoft SQL Server 2012;RTM;Express Edition (64-bit);SQLEXPRESS;1433;Standalone;Finnish_Swedish_CI_AS;FALSE;FALSE;FALSE;Mixed;d:\Microsoft SQL Server\MSSQL11.SQLEXPRESS\MSSQL;d:\Microsoft SQL Server\MSSQL11.SQLEXPRESS\MSSQL\DATA;d:\Microsoft SQL Server\MSSQL11.SQLEXPRESS\MSSQL\DATA\;d:\Microsoft SQL Server\MSSQL11.SQLEXPRESS\MSSQL\DATA\;d:\Microsoft SQL Server\MSSQL11.SQLEXPRESS\MSSQL\Backup;d:\Microsoft SQL Server\MSSQL11.SQLEXPRESS\MSSQL\Log;0
;;S-K1DW-DB-P;Corpnet.teracom.se;TRUE;FALSE;TRUE;TRUE;12.00.2480;Microsoft SQL Server 2014;RTM;Standard Edition (64-bit);MSSQLSERVER;1433;Standalone;Finnish_Swedish_CI_AS;FALSE;FALSE;FALSE;Mixed;S:\Program Files\Microsoft SQL Server\MSSQL12.MSSQLSERVER\MSSQL;S:\Program Files\Microsoft SQL Server\MSSQL12.MSSQLSERVER\MSSQL\DATA;E:\MSSQL\Data\;F:\MSSQL\Data\;B:\MSSQL\Backup;S:\Program Files\Microsoft SQL Server\MSSQL12.MSSQLSERVER\MSSQL\Log;0
;;S-K1DW-DB-T;Corpnet.teracom.se;TRUE;FALSE;TRUE;TRUE;12.00.2480;Microsoft SQL Server 2014;RTM;Standard Edition (64-bit);MSSQLSERVER;1433;Standalone;Finnish_Swedish_CI_AS;FALSE;FALSE;FALSE;Mixed;S:\Program Files\Microsoft SQL Server\MSSQL12.MSSQLSERVER\MSSQL;S:\Program Files\Microsoft SQL Server\MSSQL12.MSSQLSERVER\MSSQL\DATA;F:\MSSQL\Data\;G:\MSSQL\Data\;E:\MSSQL\Backup;S:\Program Files\Microsoft SQL Server\MSSQL12.MSSQLSERVER\MSSQL\Log;0
;;S-K1IFS-BI-T;Corpnet.teracom.se;TRUE;FALSE;TRUE;TRUE;11.00.3412;Microsoft SQL Server 2012;SP1;Developer Edition (64-bit);MSSQLSERVER;1433;Standalone;Finnish_Swedish_CI_AS;FALSE;FALSE;FALSE;Mixed;E:\Microsoft SQL Server\MSSQL11.MSSQLSERVER\MSSQL;E:\Microsoft SQL Server\MSSQL11.MSSQLSERVER\MSSQL\DATA;F:\SQLData\;L:\SQLLog\;B:\SQLBackup;E:\Microsoft SQL Server\MSSQL11.MSSQLSERVER\MSSQL\Log;0
;;S-K1NCFLOW;Corpnet.teracom.se;TRUE;FALSE;FALSE;FALSE;11.00.3000;Microsoft SQL Server 2012;SP1;Express Edition (64-bit);SQLEXPRESS;1433;Standalone;Finnish_Swedish_CI_AS;FALSE;FALSE;FALSE;Mixed;C:\Program Files\Microsoft SQL Server\MSSQL11.SQLEXPRESS\MSSQL;C:\Program Files\Microsoft SQL Server\MSSQL11.SQLEXPRESS\MSSQL\DATA;E:\SQL2012\MSSQL11.MSSQLSERVER\MSSQL\DATA\;E:\SQL2012\MSSQL11.MSSQLSERVER\MSSQL\DATA\;E:\SQLBackup;C:\Program Files\Microsoft SQL Server\MSSQL11.SQLEXPRESS\MSSQL\Log;0
;;S-K1NCFLOWDB-P;Corpnet.teracom.se;TRUE;FALSE;FALSE;FALSE;11.00.3000;Microsoft SQL Server 2012;SP1;Express Edition (64-bit);SQLEXPRESS;1433;Standalone;Finnish_Swedish_CI_AS;FALSE;FALSE;FALSE;Mixed;D:\SQL Server\MSSQL11.SQLEXPRESS\MSSQL;D:\SQL Server\MSSQL11.SQLEXPRESS\MSSQL\DATA;E:\SQLData\;L:\SQLLog\;E:\SQLBackup;D:\SQL Server\MSSQL11.SQLEXPRESS\MSSQL\Log;0
;;S-K1SP-DB-P;Corpnet.teracom.se;TRUE;FALSE;FALSE;FALSE;11.00.3000;Microsoft SQL Server 2012;SP1;Enterprise Edition: Core-based Licensing (64-bit);UCS_PRD;50000;Standalone;Finnish_Swedish_CI_AS;FALSE;FALSE;FALSE;Mixed;C:\Program Files\Microsoft SQL Server\MSSQL11.UCS_PRD\MSSQL;C:\Program Files\Microsoft SQL Server\MSSQL11.UCS_PRD\MSSQL\DATA;E:\SQLData_UCS\;F:\SQLLog_UCS\;G:\SQLBackup_UCS;C:\Program Files\Microsoft SQL Server\MSSQL11.UCS_PRD\MSSQL\Log;0
;;S-K1SP-DB-P;Corpnet.teracom.se;TRUE;FALSE;FALSE;FALSE;11.00.3000;Microsoft SQL Server 2012;SP1;Enterprise Edition: Core-based Licensing (64-bit);MSSQLSERVER;1433;Standalone;Finnish_Swedish_CI_AS;FALSE;FALSE;FALSE;Mixed;C:\Program Files\Microsoft SQL Server\MSSQL11.MSSQLSERVER\MSSQL;C:\Program Files\Microsoft SQL Server\MSSQL11.MSSQLSERVER\MSSQL\DATA;E:\SQLData\;F:\SQLLog\;G:\SQLBackup\Data;C:\Program Files\Microsoft SQL Server\MSSQL11.MSSQLSERVER\MSSQL\Log;0
;;S-K2RS-DB-P;Corpnet.teracom.se;TRUE;FALSE;TRUE;FALSE;11.00.6020;Microsoft SQL Server 2012;SP3;Standard Edition (64-bit);MSSQLSERVER;1433;Standalone;Finnish_Swedish_CI_AS;FALSE;FALSE;FALSE;Mixed;B:\SQL\Microsoft SQL Server\MSSQL11.MSSQLSERVER\MSSQL;D:\SQL\Microsoft SQL Server\MSSQL11.MSSQLSERVER\MSSQL\DATA;D:\SQL\Microsoft SQL Server\MSSQL11.MSSQLSERVER\MSSQL\DATA\;E:\SQL\Microsoft SQL Server\MSSQL11.MSSQLSERVER\MSSQL\Data\;X:\SQL\Microsoft SQL Server\MSSQL11.MSSQLSERVER\MSSQL\Backup;D:\SQL\Microsoft SQL Server\MSSQL11.MSSQLSERVER\MSSQL\Log;0
;;S-K3SAP-T;Corpnet.teracom.se;TRUE;FALSE;TRUE;TRUE;11.00.5058;Microsoft SQL Server 2012;SP2;Enterprise Edition (64-bit);MSSQLSERVER;1433;Standalone;Finnish_Swedish_CI_AS;FALSE;FALSE;FALSE;Mixed;C:\Program Files\Microsoft SQL Server\MSSQL11.MSSQLSERVER\MSSQL;C:\Program Files\Microsoft SQL Server\MSSQL11.MSSQLSERVER\MSSQL\DATA;C:\Program Files\Microsoft SQL Server\MSSQL11.MSSQLSERVER\MSSQL\DATA\;C:\Program Files\Microsoft SQL Server\MSSQL11.MSSQLSERVER\MSSQL\DATA\;C:\Program Files\Microsoft SQL Server\MSSQL11.MSSQLSERVER\MSSQL\Backup;C:\Program Files\Microsoft SQL Server\MSSQL11.MSSQLSERVER\MSSQL\Log;0
;;SQLTEST2;Corpnet.teracom.se;TRUE;TRUE;TRUE;TRUE;13.00.4001;Microsoft SQL Server 2016;SP1;Enterprise Edition (64-bit);KALLE;49346;Standalone;Finnish_Swedish_CI_AS;FALSE;FALSE;FALSE;Mixed;C:\Program Files\Microsoft SQL Server\MSSQL13.KALLE\MSSQL;E:\MSSQL13.KALLE\MSSQL\Data;E:\MSSQL13.KALLE\MSSQL\Data\;F:\MSSQL13.KALLE\MSSQL\Data\;E:\MSSQL13.KALLE\MSSQL\Backup;F:\MSSQL13.KALLE\MSSQL\Log;0
;;SQLTEST2;Corpnet.teracom.se;TRUE;TRUE;TRUE;TRUE;13.00.4001;Microsoft SQL Server 2016;SP1;Enterprise Edition (64-bit);MSSQLSERVER;1433;Standalone;Finnish_Swedish_CI_AS;FALSE;FALSE;TRUE;Mixed;C:\Program Files\Microsoft SQL Server\MSSQL13.MSSQLSERVER\MSSQL;E:\MSSQL\MSSQL\Data;E:\MSSQL\;F:\MSSQL\;E:\MSSQL\MSSQL\Backup;F:\MSSQL\LOG;0
;;S-K2DB-P;Corpnet.teracom.se;TRUE;TRUE;TRUE;TRUE;11.00.6020;Microsoft SQL Server 2012;SP3;Enterprise Edition: Core-based Licensing (64-bit);BPC;60001;Standalone;Finnish_Swedish_CI_AS;FALSE;FALSE;FALSE;Mixed;O:\MSSQLSERVER\MSSQL11.BPC\MSSQL;O:\MSSQLSERVER\MSSQL11.BPC\MSSQL\DATA;L:\SQLData\;M:\SQLLog\;D:\SQLBackup_BPC;O:\MSSQLSERVER\MSSQL11.BPC\MSSQL\Log;0
;;S-K2DB-P;Corpnet.teracom.se;TRUE;TRUE;TRUE;TRUE;11.00.6020;Microsoft SQL Server 2012;SP3;Enterprise Edition: Core-based Licensing (64-bit);IFS;50000;Standalone;Finnish_Swedish_CI_AS;FALSE;FALSE;FALSE;Mixed;K:\MSSQLSERVER\MSSQL11.IFS\MSSQL;K:\MSSQLSERVER\MSSQL11.IFS\MSSQL\DATA;F:\SQLData\;I:\SQLLog\;D:\SQLBackup_IFS;K:\MSSQLSERVER\MSSQL11.IFS\MSSQL\Log;0
;;S-K1SKYPEFE-P;Corpnet.teracom.se;TRUE;FALSE;FALSE;FALSE;12.00.4100;Microsoft SQL Server 2014;SP1;Express Edition (64-bit);LYNCLOCAL;56003;Standalone;Finnish_Swedish_CI_AS;FALSE;FALSE;FALSE;Integrated;C:\Program Files\Microsoft SQL Server\MSSQL12.LYNCLOCAL\MSSQL;C:\Program Files\Microsoft SQL Server\MSSQL12.LYNCLOCAL\MSSQL\DATA;C:\Program Files\Microsoft SQL Server\MSSQL12.LYNCLOCAL\MSSQL\DATA\;C:\Program Files\Microsoft SQL Server\MSSQL12.LYNCLOCAL\MSSQL\DATA\;C:\Program Files\Microsoft SQL Server\MSSQL12.LYNCLOCAL\MSSQL\Backup;C:\Program Files\Microsoft SQL Server\MSSQL12.LYNCLOCAL\MSSQL\Log;0
;;S-K1SKYPEFE-P;Corpnet.teracom.se;TRUE;FALSE;FALSE;FALSE;12.00.4100;Microsoft SQL Server 2014;SP1;Express Edition (64-bit);RTC;61003;Standalone;Finnish_Swedish_CI_AS;FALSE;FALSE;FALSE;Integrated;C:\Program Files\Microsoft SQL Server\MSSQL12.RTC\MSSQL;C:\Program Files\Microsoft SQL Server\MSSQL12.RTC\MSSQL\DATA;C:\Program Files\Microsoft SQL Server\MSSQL12.RTC\MSSQL\DATA\;C:\Program Files\Microsoft SQL Server\MSSQL12.RTC\MSSQL\DATA\;C:\Program Files\Microsoft SQL Server\MSSQL12.RTC\MSSQL\Backup;C:\Program Files\Microsoft SQL Server\MSSQL12.RTC\MSSQL\Log;0
;;S-K1SKYPEFE-P;Corpnet.teracom.se;TRUE;FALSE;FALSE;FALSE;12.00.4100;Microsoft SQL Server 2014;SP1;Express Edition (64-bit);RTCLOCAL;51003;Standalone;Finnish_Swedish_CI_AS;FALSE;FALSE;FALSE;Integrated;C:\Program Files\Microsoft SQL Server\MSSQL12.RTCLOCAL\MSSQL;C:\Program Files\Microsoft SQL Server\MSSQL12.RTCLOCAL\MSSQL\DATA;C:\Program Files\Microsoft SQL Server\MSSQL12.RTCLOCAL\MSSQL\DATA\;C:\Program Files\Microsoft SQL Server\MSSQL12.RTCLOCAL\MSSQL\DATA\;C:\Program Files\Microsoft SQL Server\MSSQL12.RTCLOCAL\MSSQL\Backup;C:\Program Files\Microsoft SQL Server\MSSQL12.RTCLOCAL\MSSQL\Log;0
;;S12A;Corpnet.teracom.se;TRUE;FALSE;FALSE;FALSE;11.00.2100;Microsoft SQL Server 2012;RTM;Express Edition (64-bit);KMS;49647;Standalone;Finnish_Swedish_CI_AS;FALSE;FALSE;FALSE;Integrated;c:\Program Files\Microsoft SQL Server\MSSQL11.KMS\MSSQL;c:\Program Files\Microsoft SQL Server\MSSQL11.KMS\MSSQL\DATA;c:\Program Files\Microsoft SQL Server\MSSQL11.KMS\MSSQL\DATA\;c:\Program Files\Microsoft SQL Server\MSSQL11.KMS\MSSQL\DATA\;c:\Program Files\Microsoft SQL Server\MSSQL11.KMS\MSSQL\Backup;c:\Program Files\Microsoft SQL Server\MSSQL11.KMS\MSSQL\Log;0
;;S1S;Corpnet.teracom.se;TRUE;FALSE;FALSE;FALSE;10.00.1600;Microsoft SQL Server 2008;RTM;Express Edition (64-bit);SQLEXPRESS;53886;Standalone;Finnish_Swedish_CI_AS;FALSE;FALSE;FALSE;Integrated;c:\Program Files\Microsoft SQL Server\MSSQL10.SQLEXPRESS\MSSQL;c:\Program Files\Microsoft SQL Server\MSSQL10.SQLEXPRESS\MSSQL\DATA;;;c:\Program Files\Microsoft SQL Server\MSSQL10.SQLEXPRESS\MSSQL\Backup;c:\Program Files\Microsoft SQL Server\MSSQL10.SQLEXPRESS\MSSQL\Log;0
;;S3CTX-CORP-APP;Corpnet.teracom.se;TRUE;FALSE;FALSE;FALSE;10.50.2500;Microsoft SQL Server 2008 R2;SP1;Express Edition (64-bit);KEYWIN;49455;Standalone;Finnish_Swedish_CI_AS;FALSE;FALSE;FALSE;Mixed;C:\Program Files\Microsoft SQL Server\MSSQL10_50.KEYWIN\MSSQL;C:\Program Files\Microsoft SQL Server\MSSQL10_50.KEYWIN\MSSQL\DATA;;;C:\Program Files\Microsoft SQL Server\MSSQL10_50.KEYWIN\MSSQL\Backup;C:\Program Files\Microsoft SQL Server\MSSQL10_50.KEYWIN\MSSQL\Log;0
;;SGHTCTX-CORP-DB;Corpnet.teracom.se;TRUE;FALSE;FALSE;FALSE;11.00.3000;Microsoft SQL Server 2012;SP1;Express Edition (64-bit);CTXDBSGHT;54362;Standalone;Finnish_Swedish_CI_AS;FALSE;FALSE;FALSE;Integrated;E:\sqlserver\MSSQL11.CTXDBSGHT\MSSQL;E:\DB\MSSQL11.CTXDBSGHT\MSSQL\DATA;E:\DB\MSSQL11.CTXDBSGHT\MSSQL\DATA\;E:\DB\MSSQL11.CTXDBSGHT\MSSQL\DATA\;E:\DB\MSSQL11.CTXDBSGHT\MSSQL\Backup;E:\DB\MSSQL11.CTXDBSGHT\MSSQL\Log;0
;;S-K1SKYPEMON-DB;Corpnet.teracom.se;TRUE;FALSE;TRUE;TRUE;13.00.4001;Microsoft SQL Server 2016;SP1;Standard Edition (64-bit);MSSQLSERVER;1433;Standalone;Finnish_Swedish_CI_AS;FALSE;FALSE;FALSE;Mixed;D:\Program Files\Microsoft SQL Server\MSSQL13.MSSQLSERVER\MSSQL;D:\Microsoft SQL Server\MSSQL13.MSSQLSERVER\MSSQL\DATA;E:\Data\;F:\Log\;R:\SQLBackup;D:\Microsoft SQL Server\MSSQL13.MSSQLSERVER\MSSQL\Log;0
;;S1RPTSRV-P;ki.teracom.se;TRUE;FALSE;TRUE;TRUE;11.00.3000;Microsoft SQL Server 2012;SP1;Standard Edition (64-bit);MSSQLSERVER;1433;Standalone;SQL_Latin1_General_CP1_CI_AS;FALSE;FALSE;FALSE;Mixed;E:\Program Files\Microsoft SQL Server\MSSQL11.MSSQLSERVER\MSSQL;F:\MSSQL\MSSQL11.MSSQLSERVER\MSSQL\DATA;F:\MSSQL\MSSQL11.MSSQLSERVER\MSSQL\DATA\;L:\MSSQL\Log\;B:\MSSQL\;F:\MSSQL\MSSQL11.MSSQLSERVER\MSSQL\Log;0
;;S1RPTSRV-T;ki.teracom.se;TRUE;FALSE;TRUE;TRUE;11.00.3000;Microsoft SQL Server 2012;SP1;Standard Edition (64-bit);MSSQLSERVER;1433;Standalone;SQL_Latin1_General_CP1_CI_AS;FALSE;FALSE;FALSE;Mixed;E:\Program Files\Microsoft SQL Server\MSSQL11.MSSQLSERVER\MSSQL;F:\MSSQL\MSSQL11.MSSQLSERVER\MSSQL\DATA;F:\MSSQL\MSSQL11.MSSQLSERVER\MSSQL\DATA\;L:\MSSQL\Log\;B:\MSSQL;F:\MSSQL\MSSQL11.MSSQLSERVER\MSSQL\Log;0
;;S40A;ki.teracom.se;TRUE;FALSE;FALSE;FALSE;11.00.6020;Microsoft SQL Server 2012;SP3;Standard Edition (64-bit);MSSQLSERVER;1433;Standalone;SQL_Latin1_General_CP1_CI_AS;FALSE;FALSE;FALSE;Mixed;c:\SQL Server\MSSQL11.MSSQLSERVER\MSSQL;C:\SQL Server\MSSQL10_50.MSSQLSERVER\MSSQL\DATA;C:\SQL Server\SQLData\;C:\SQL Server\SQLLog\;C:\SQL Server\SQLBackup;C:\SQL Server\MSSQL10_50.MSSQLSERVER\MSSQL\Log;0
;;S-K140A;ki.teracom.se;TRUE;FALSE;FALSE;FALSE;10.00.2531;Microsoft SQL Server 2008;SP1;Express Edition;SQLEXPRESS;1433;Standalone;SQL_Latin1_General_CP1_CI_AS;FALSE;FALSE;FALSE;Integrated;c:\Program Files\Microsoft SQL Server\MSSQL10.SQLEXPRESS\MSSQL;c:\Program Files\Microsoft SQL Server\MSSQL.1\MSSQL\DATA;;;c:\Program Files\Microsoft SQL Server\MSSQL.1\MSSQL\Backup;c:\Program Files\Microsoft SQL Server\MSSQL.1\MSSQL\LOG;0
;;S-K2INT-DEV;boxer.local;TRUE;FALSE;FALSE;FALSE;12.00.2000;Microsoft SQL Server 2014;RTM;Express Edition (64-bit);MSSQLSERVER;1433;Standalone;Finnish_Swedish_CI_AS;FALSE;FALSE;FALSE;Mixed;C:\Program Files\Microsoft SQL Server\MSSQL12.MSSQLSERVER\MSSQL;C:\Program Files\Microsoft SQL Server\MSSQL12.MSSQLSERVER\MSSQL\DATA;C:\Program Files\Microsoft SQL Server\MSSQL12.MSSQLSERVER\MSSQL\DATA\;C:\Program Files\Microsoft SQL Server\MSSQL12.MSSQLSERVER\MSSQL\DATA\;C:\Program Files\Microsoft SQL Server\MSSQL12.MSSQLSERVER\MSSQL\Backup;C:\Program Files\Microsoft SQL Server\MSSQL12.MSSQLSERVER\MSSQL\Log;0
;;S1NAV-DB-S;boxer.local;TRUE;FALSE;TRUE;FALSE;12.00.4100;Microsoft SQL Server 2014;SP1;Developer Edition (64-bit);MSSQLSERVER;1433;Standalone;Finnish_Swedish_CI_AS;FALSE;FALSE;TRUE;Mixed;C:\Program Files\Microsoft SQL Server\MSSQL12.MSSQLSERVER\MSSQL;F:\Microsoft SQL Server\MSSQL12.MSSQLSERVER\MSSQL\DATA;F:\Microsoft SQL Server\MSSQL12.MSSQLSERVER\MSSQL\DATA\;F:\Microsoft SQL Server\MSSQL12.MSSQLSERVER\MSSQL\DATA\;F:\Microsoft SQL Server\MSSQL12.MSSQLSERVER\MSSQL\Backup;F:\Microsoft SQL Server\MSSQL12.MSSQLSERVER\MSSQL\Log;0
;;S-K1LIME-DB-S;boxer.local;TRUE;FALSE;TRUE;FALSE;11.00.3000;Microsoft SQL Server 2012;SP1;Developer Edition (64-bit);MSSQLSERVER;1433;Standalone;Finnish_Swedish_CI_AS;FALSE;FALSE;TRUE;Mixed;D:\Microsoft SQL Server\MSSQL11.MSSQLSERVER\MSSQL;D:\Microsoft SQL Server\MSSQL11.MSSQLSERVER\MSSQL\DATA;E:\Data\;F:\Data\;Y:\SQLBackup;D:\Microsoft SQL Server\MSSQL11.MSSQLSERVER\MSSQL\Log;0
;;S-K1CRM-DB-S;boxer.local;TRUE;FALSE;TRUE;TRUE;11.00.3412;Microsoft SQL Server 2012;SP1;Developer Edition (64-bit);MSSQLSERVER;1433;Standalone;Finnish_Swedish_CI_AS;FALSE;FALSE;TRUE;Mixed;C:\Program Files\Microsoft SQL Server\MSSQL11.MSSQLSERVER\MSSQL;D:\Microsoft SQL Server\MSSQL11.MSSQLSERVER\MSSQL\DATA;D:\Microsoft SQL Server\MSSQL11.MSSQLSERVER\MSSQL\DATA\;D:\Microsoft SQL Server\MSSQL11.MSSQLSERVER\MSSQL\DATA\;D:\Microsoft SQL Server\MSSQL11.MSSQLSERVER\MSSQL\Backup;D:\Microsoft SQL Server\MSSQL11.MSSQLSERVER\MSSQL\Log;0
;;S1DW-DB-S;boxer.local;TRUE;TRUE;TRUE;TRUE;11.00.3000;Microsoft SQL Server 2012;SP1;Developer Edition (64-bit);MSSQLSERVER;1433;Standalone;SQL_Latin1_General_CP1_CI_AS;FALSE;FALSE;FALSE;Mixed;D:\SQL Server\MSSQL11.MSSQLSERVER\MSSQL;D:\SQL Server\MSSQL11.MSSQLSERVER\MSSQL\DATA;F:\SQLData\;L:\SQLLog\;F:\SQLBackup;D:\SQL Server\MSSQL11.MSSQLSERVER\MSSQL\Log;0
;;S-K1ACS-S;boxer.local;TRUE;FALSE;FALSE;FALSE;12.00.2000;Microsoft SQL Server 2014;RTM;Developer Edition (64-bit);MSSQLSERVER;1433;Standalone;Finnish_Swedish_CI_AS;FALSE;FALSE;FALSE;Mixed;D:\Microsoft SQL Server\MSSQL12.MSSQLSERVER\MSSQL;D:\Microsoft SQL Server\MSSQL12.MSSQLSERVER\MSSQL\DATA;E:\Data\;L:\Log\;E:\Backup;D:\Microsoft SQL Server\MSSQL12.MSSQLSERVER\MSSQL\Log;0
;;S4CTXBOX-DB;boxer.local;TRUE;FALSE;FALSE;FALSE;12.00.2000;Microsoft SQL Server 2014;RTM;Express Edition (64-bit);CITRIXDB;1433;Standalone;Finnish_Swedish_CI_AS;FALSE;FALSE;FALSE;Integrated;D:\Program Files\Microsoft SQL Server\MSSQL12.CITRIXDB\MSSQL;D:\Program Files\Microsoft SQL Server\MSSQL12.CITRIXDB\MSSQL\DATA;D:\Program Files\Microsoft SQL Server\MSSQL12.CITRIXDB\MSSQL\DATA\;D:\Program Files\Microsoft SQL Server\MSSQL12.CITRIXDB\MSSQL\DATA\;D:\Program Files\Microsoft SQL Server\MSSQL12.CITRIXDB\MSSQL\Backup;D:\Program Files\Microsoft SQL Server\MSSQL12.CITRIXDB\MSSQL\Log;0
;;S3DB-T;boxer.local;TRUE;FALSE;TRUE;FALSE;12.00.2000;Microsoft SQL Server 2014;RTM;Developer Edition (64-bit);MSSQLSERVER;1433;Standalone;Finnish_Swedish_CI_AS;FALSE;FALSE;FALSE;Mixed;G:\SQL\Microsoft SQL Server\MSSQL12.CUSTOMERDB\MSSQL;G:\SQL\Microsoft SQL Server\MSSQL12.CUSTOMERDB\MSSQL\DATA;D:\SQL\Microsoft SQL Server\MSSQL12.CUSTOMERDB\MSSQL\Data\;L:\SQL\Microsoft SQL Server\MSSQL12.CUSTOMERDB\MSSQL\Data\;B:\SQL\Microsoft SQL Server\MSSQL12.CUSTOMERDB\MSSQL\Backup;G:\SQL\Microsoft SQL Server\MSSQL12.CUSTOMERDB\MSSQL\Log;0
;;S2NAV-T;boxer.local;TRUE;FALSE;FALSE;FALSE;11.00.3000;Microsoft SQL Server 2012;SP1;Developer Edition (64-bit);MSSQLSERVER;1433;Standalone;SQL_Scandinavian_CP850_CI_AS;FALSE;FALSE;FALSE;Mixed;F:\SQL Server\MSSQL11.MSSQLSERVER\MSSQL;F:\SQL Server\MSSQL11.MSSQLSERVER\MSSQL\DATA;G:\Data\;H:\Data\;Y:\SQLBackup;F:\SQL Server\MSSQL11.MSSQLSERVER\MSSQL\Log;0
;;S2BIZ-T;boxer.local;TRUE;FALSE;TRUE;FALSE;10.50.4042;Microsoft SQL Server 2008 R2;SP2;Developer Edition (64-bit);MSSQLSERVER;1433;Standalone;SQL_Latin1_General_CP1_CI_AS;FALSE;FALSE;FALSE;Integrated;F:\SQL Server\MSSQL10_50.MSSQLSERVER\MSSQL;F:\SQL Server\MSSQL10_50.MSSQLSERVER\MSSQL\DATA;G:\SQLData;I:\SQLLog;G:\SQLBackup;F:\SQL Server\MSSQL10_50.MSSQLSERVER\MSSQL\Log;0
;;S2WEBDB-T;boxer.local;TRUE;FALSE;FALSE;FALSE;10.50.1600;Microsoft SQL Server 2008 R2;RTM;Developer Edition (64-bit);MSSQLSERVER;1433;Standalone;Finnish_Swedish_CI_AS;FALSE;FALSE;FALSE;Mixed;G:\SQL Server\MSSQL10_50.MSSQLSERVER\MSSQL;;D:\SQLData;E:\SQLLog;F:\SQLBackup;G:\SQL Server\MSSQL10_50.MSSQLSERVER\MSSQL\Log;1
;;S1DW-DB-T;boxer.local;TRUE;TRUE;TRUE;TRUE;11.00.3000;Microsoft SQL Server 2012;SP1;Developer Edition (64-bit);MSSQLSERVER;1433;Standalone;SQL_Latin1_General_CP1_CI_AS;FALSE;FALSE;FALSE;Mixed;D:\SQL Server\MSSQL11.MSSQLSERVER\MSSQL;D:\SQL Server\MSSQL11.MSSQLSERVER\MSSQL\DATA;F:\SQLData\;L:\SQLLog\;T:\SQLBackup;D:\SQL Server\MSSQL11.MSSQLSERVER\MSSQL\Log;0
;;S1CRMDB-DEV;boxer.local;TRUE;FALSE;TRUE;TRUE;11.00.3000;Microsoft SQL Server 2012;SP1;Developer Edition (64-bit);MSCRM_DEV;63100;Standalone;SQL_Latin1_General_CP1_CI_AS;FALSE;FALSE;TRUE;Mixed;S:\SQL Server\MSSQL11.MSCRM_DEV\MSSQL;S:\SQL Server\MSSQL11.MSCRM_DEV\MSSQL\DATA;F:\SQLData\MSCRM_DEV\;L:\SQLLog\MSCRM_DEV\;Y:\SQLBackup\MSCRM_DEV;S:\SQL Server\MSSQL11.MSCRM_DEV\MSSQL\Log;0
;;S1CRMDB-DEV;boxer.local;TRUE;FALSE;TRUE;TRUE;11.00.3000;Microsoft SQL Server 2012;SP1;Developer Edition (64-bit);MSCRM_TEST;59507;Standalone;SQL_Latin1_General_CP1_CI_AS;FALSE;FALSE;TRUE;Mixed;S:\SQL Server\MSSQL11.MSCRM_TEST\MSSQL;S:\SQL Server\MSSQL11.MSCRM_TEST\MSSQL\DATA;F:\SQLData\MSCRM_TEST\;L:\SQLLog\MSCRM_TEST\;Y:\SQLBackup\MSCRM_TEST;S:\SQL Server\MSSQL11.MSCRM_TEST\MSSQL\Log;0
;;S2CRM-T;boxer.local;TRUE;FALSE;FALSE;TRUE;11.00.3000;Microsoft SQL Server 2012;SP1;Developer Edition (64-bit);MSSQLSERVER;1433;Standalone;Finnish_Swedish_CI_AS;FALSE;FALSE;FALSE;Mixed;E:\SQL Server\MSSQL11.MSSQLSERVER\MSSQL;E:\SQL Server\MSSQL11.MSSQLSERVER\MSSQL\DATA;E:\SQL Server\MSSQL11.MSSQLSERVER\MSSQL\DATA\;E:\SQL Server\MSSQL11.MSSQLSERVER\MSSQL\DATA\;E:\SQL Server\MSSQL11.MSSQLSERVER\MSSQL\Backup;E:\SQL Server\MSSQL11.MSSQLSERVER\MSSQL\Log;0
;;S1WEB-UTV;boxer.local;TRUE;FALSE;FALSE;FALSE;10.50.1600;Microsoft SQL Server 2008 R2;RTM;Standard Edition (64-bit);MSSQLSERVER;1433;Standalone;Finnish_Swedish_CI_AS;FALSE;FALSE;FALSE;Mixed;J:\SQL Server\MSSQL10_50.MSSQLSERVER\MSSQL;;F:\SQLData;G:\SQLLog;I:\SQLBackup;J:\SQL Server\MSSQL10_50.MSSQLSERVER\MSSQL\Log;1
;;S1WEBDB-T;boxer.local;TRUE;FALSE;FALSE;FALSE;11.00.5058;Microsoft SQL Server 2012;SP2;Developer Edition (64-bit);MSSQLSERVER;1433;Standalone;Finnish_Swedish_CI_AS;FALSE;FALSE;TRUE;Mixed;G:\MSSQL\MSSQL11.MSSQLSERVER\MSSQL;;D:\SQLData\;E:\SQLLog\;F:\SQLBackup;G:\MSSQL\MSSQL11.MSSQLSERVER\MSSQL\Log;1
;;S-K1ACS-T;boxer.local;TRUE;FALSE;FALSE;FALSE;12.00.2000;Microsoft SQL Server 2014;RTM;Developer Edition (64-bit);MSSQLSERVER;1433;Standalone;Finnish_Swedish_CI_AS;FALSE;FALSE;FALSE;Mixed;D:\Microsoft SQL Server\MSSQL12.MSSQLSERVER\MSSQL;D:\Microsoft SQL Server\MSSQL12.MSSQLSERVER\MSSQL\DATA;E:\Data\;L:\Log\;E:\Backup;D:\Microsoft SQL Server\MSSQL12.MSSQLSERVER\MSSQL\Log;0
;;S-K2WEBDB-T;boxer.local;TRUE;FALSE;TRUE;FALSE;13.00.4435;Microsoft SQL Server 2016;SP1;Developer Edition (64-bit);MSSQLSERVER;1433;Standalone;Finnish_Swedish_CI_AS;FALSE;FALSE;FALSE;Mixed;B:\SQL\Microsoft SQL Server\MSSQL13.MSSQLSERVER\MSSQL;D:\SQL\MSSQL12.BOXERTEST\MSSQL\DATA;D:\SQL\MSSQL12.BOXERTEST\MSSQL\DATA\;E:\SQL\MSSQL12.BOXERTEST\MSSQL\Data\;X:\SQL\MSSQL12.BOXERTEST\MSSQL\Backup;D:\SQL\MSSQL12.BOXERTEST\MSSQL\Log;0
;;S-K2WEBDB-UTV;boxer.local;TRUE;FALSE;TRUE;FALSE;12.00.4100;Microsoft SQL Server 2014;SP1;Developer Edition (64-bit);MSSQLSERVER;1433;Standalone;Finnish_Swedish_CI_AS;FALSE;FALSE;FALSE;Mixed;B:\SQL\Microsoft SQL Server\MSSQL12.BOXERDEV\MSSQL;;D:\SQL\MSSQL12.BOXERDEV\MSSQL\DATA\;E:\SQL\MSSQL12.BOXERDEV\MSSQL\Data\;X:\SQL\MSSQL12.BOXERDEV\MSSQL\Backup;D:\SQL\MSSQL12.BOXERDEV\MSSQL\Log;1
;;S1NAV-DB-P;boxer.local;TRUE;FALSE;TRUE;FALSE;12.00.4100;Microsoft SQL Server 2014;SP1;Enterprise Edition (64-bit);MSSQLSERVER;1433;Standalone;Finnish_Swedish_CI_AS;FALSE;FALSE;TRUE;Mixed;C:\Program Files\Microsoft SQL Server\MSSQL12.MSSQLSERVER\MSSQL;F:\Microsoft SQL Server\MSSQL12.MSSQLSERVER\MSSQL\DATA;F:\Microsoft SQL Server\MSSQL12.MSSQLSERVER\MSSQL\DATA\;F:\Microsoft SQL Server\MSSQL12.MSSQLSERVER\MSSQL\DATA\;F:\Microsoft SQL Server\MSSQL12.MSSQLSERVER\MSSQL\Backup;F:\Microsoft SQL Server\MSSQL12.MSSQLSERVER\MSSQL\Log;0
;;BOXMLMSQL20;boxer.local;TRUE;FALSE;TRUE;FALSE;9.00.4262;Microsoft SQL Server 2005;SP3;Enterprise Edition;MSSQLSERVER;1433;Standalone;SQL_Scandinavian_CP850_CI_AS;FALSE;FALSE;TRUE;Mixed;C:\Program Files\Microsoft SQL Server\MSSQL.1\MSSQL;E:\MSSQL.1\MSSQL\DATA;;F:\SQL_Log;E:\MSSQL.1\MSSQL\Backup;E:\MSSQL.1\MSSQL\LOG;0
;;S-K3DB-P;boxer.local;TRUE;FALSE;TRUE;FALSE;12.00.2000;Microsoft SQL Server 2014;RTM;Standard Edition (64-bit);MSSQLSERVER;1433;Standalone;Finnish_Swedish_CI_AS;FALSE;FALSE;FALSE;Mixed;G:\MSSQL12.MSSQLSERVER\MSSQL;D:\MSSQL12.MSSQLSERVER\MSSQL\DATA;D:\MSSQL\Data\UserDatabases\;L:\MSSQL\Data\UserDatabases\;B:\MSSQL\Backup;D:\MSSQL12.MSSQLSERVER\MSSQL\Log;0
;;S-K1NAVMIG-DB-P;boxer.local;TRUE;FALSE;TRUE;TRUE;12.00.4100;Microsoft SQL Server 2014;SP1;Enterprise Edition (64-bit);MSSQLSERVER;1433;Standalone;Finnish_Swedish_CI_AS;FALSE;FALSE;TRUE;Mixed;D:\Microsoft SQL Server\MSSQL12.MSSQLSERVER\MSSQL;D:\Microsoft SQL Server\MSSQL12.MSSQLSERVER\MSSQL\DATA;E:\Data\;F:\Data\;Y:\SQLBackup;D:\Microsoft SQL Server\MSSQL12.MSSQLSERVER\MSSQL\Log;0
;;S-K2INT-DEV;boxer.local;TRUE;FALSE;FALSE;FALSE;9.00.5000;Microsoft SQL Server 2005;SP4;Express Edition;PROGET;49171;Standalone;Finnish_Swedish_CI_AS;FALSE;FALSE;FALSE;Integrated;C:\Program Files (x86)\Microsoft SQL Server\MSSQL.1\MSSQL;C:\Program Files (x86)\Microsoft SQL Server\MSSQL.1\MSSQL\DATA;;;C:\Program Files (x86)\Microsoft SQL Server\MSSQL.1\MSSQL\Backup;C:\Program Files (x86)\Microsoft SQL Server\MSSQL.1\MSSQL\LOG;0
;;S-K1LIME-DB-P;boxer.local;TRUE;FALSE;TRUE;FALSE;11.00.3000;Microsoft SQL Server 2012;SP1;Standard Edition (64-bit);MSSQLSERVER;1433;Standalone;Finnish_Swedish_CI_AS;FALSE;FALSE;TRUE;Mixed;D:\Microsoft SQL Server\MSSQL11.MSSQLSERVER\MSSQL;D:\Microsoft SQL Server\MSSQL11.MSSQLSERVER\MSSQL\DATA;E:\Data\;F:\Data\;Y:\SQLBackup;D:\Microsoft SQL Server\MSSQL11.MSSQLSERVER\MSSQL\Log;0
;;S1DW-DB-P;boxer.local;TRUE;TRUE;TRUE;TRUE;11.00.3000;Microsoft SQL Server 2012;SP1;Enterprise Edition: Core-based Licensing (64-bit);MSSQLSERVER;1433;Standalone;Finnish_Swedish_CI_AS;FALSE;FALSE;TRUE;Mixed;D:\SQL Server\MSSQL11.MSSQLSERVER\MSSQL;D:\SQL Server\MSSQL11.MSSQLSERVER\MSSQL\DATA;F:\SQLData\;L:\SQLLog\;T:\SQLBackup;D:\SQL Server\MSSQL11.MSSQLSERVER\MSSQL\Log;0
;;S3NAV-P;boxer.local;TRUE;FALSE;TRUE;FALSE;11.00.3412;Microsoft SQL Server 2012;SP1;Enterprise Edition: Core-based Licensing (64-bit);MSSQLSERVER;1433;Standalone;Latin1_General_CI_AS;FALSE;FALSE;TRUE;Mixed;F:\Microsoft SQL Server\MSSQL11.MSSQLSERVER\MSSQL;F:\Microsoft SQL Server\MSSQL11.MSSQLSERVER\MSSQL\DATA;F:\Microsoft SQL Server\MSSQL11.MSSQLSERVER\MSSQL\DATA\;F:\Microsoft SQL Server\MSSQL11.MSSQLSERVER\MSSQL\DATA\;F:\Microsoft SQL Server\MSSQL11.MSSQLSERVER\MSSQL\Backup;F:\Microsoft SQL Server\MSSQL11.MSSQLSERVER\MSSQL\Log;1
;;S-K1NAV-P;boxer.local;TRUE;FALSE;TRUE;FALSE;11.00.3412;Microsoft SQL Server 2012;SP1;Enterprise Edition: Core-based Licensing (64-bit);MSSQLSERVER;1433;Standalone;Latin1_General_CI_AS;FALSE;FALSE;TRUE;Mixed;F:\Microsoft SQL Server\MSSQL11.MSSQLSERVER\MSSQL;F:\Microsoft SQL Server\MSSQL11.MSSQLSERVER\MSSQL\DATA;F:\Microsoft SQL Server\MSSQL11.MSSQLSERVER\MSSQL\DATA\;F:\Microsoft SQL Server\MSSQL11.MSSQLSERVER\MSSQL\DATA\;F:\Microsoft SQL Server\MSSQL11.MSSQLSERVER\MSSQL\Backup;F:\Microsoft SQL Server\MSSQL11.MSSQLSERVER\MSSQL\Log;1
;;S-K1NAV-S;boxer.local;TRUE;FALSE;TRUE;FALSE;11.00.3412;Microsoft SQL Server 2012;SP1;Enterprise Edition: Core-based Licensing (64-bit);MSSQLSERVER;1433;Standalone;Latin1_General_CI_AS;FALSE;FALSE;TRUE;Mixed;F:\Microsoft SQL Server\MSSQL11.MSSQLSERVER\MSSQL;F:\Microsoft SQL Server\MSSQL11.MSSQLSERVER\MSSQL\DATA;F:\Microsoft SQL Server\MSSQL11.MSSQLSERVER\MSSQL\DATA\;F:\Microsoft SQL Server\MSSQL11.MSSQLSERVER\MSSQL\DATA\;F:\Microsoft SQL Server\MSSQL11.MSSQLSERVER\MSSQL\Backup;F:\Microsoft SQL Server\MSSQL11.MSSQLSERVER\MSSQL\Log;1
;;BOXMLMSQL27;boxer.local;TRUE;FALSE;TRUE;FALSE;9.00.4262;Microsoft SQL Server 2005;SP3;Enterprise Edition;MSSQLSERVER;1433;Standalone;SQL_Scandinavian_CP850_CI_AS;FALSE;FALSE;TRUE;Mixed;C:\Program Files\Microsoft SQL Server\MSSQL.1\MSSQL;E:\MSSQL.1\MSSQL\DATA;;F:\SQL_Log;E:\MSSQL.1\MSSQL\Backup;E:\MSSQL.1\MSSQL\LOG;0
;;S-K1CRM-DB-P;boxer.local;TRUE;FALSE;TRUE;TRUE;11.00.3412;Microsoft SQL Server 2012;SP1;Enterprise Edition (64-bit);MSSQLSERVER;1433;Standalone;Finnish_Swedish_CI_AS;FALSE;FALSE;TRUE;Mixed;C:\Program Files\Microsoft SQL Server\MSSQL11.MSSQLSERVER\MSSQL;D:\Microsoft SQL Server\MSSQL11.MSSQLSERVER\MSSQL\DATA;D:\Microsoft SQL Server\MSSQL11.MSSQLSERVER\MSSQL\DATA\;D:\Microsoft SQL Server\MSSQL11.MSSQLSERVER\MSSQL\DATA\;D:\Microsoft SQL Server\MSSQL11.MSSQLSERVER\MSSQL\Backup;D:\Microsoft SQL Server\MSSQL11.MSSQLSERVER\MSSQL\Log;0
;;S1TFS;boxer.local;TRUE;FALSE;FALSE;TRUE;11.00.3000;Microsoft SQL Server 2012;SP1;Standard Edition (64-bit);MSSQLSERVER;1433;Standalone;Latin1_General_CI_AS;FALSE;FALSE;TRUE;Mixed;E:\Microsoft SQL Server\MSSQL11.MSSQLSERVER\MSSQL;E:\Microsoft SQL Server\MSSQL11.MSSQLSERVER\MSSQL\DATA;F:\SQLData\;F:\SQLData\;F:\SQLBackup;E:\Microsoft SQL Server\MSSQL11.MSSQLSERVER\MSSQL\Log;0
;;S-K1CTLG-DB-P;boxer.local;TRUE;FALSE;TRUE;FALSE;11.00.3000;Microsoft SQL Server 2012;SP1;Standard Edition (64-bit);MSSQLSERVER;1433;Standalone;Finnish_Swedish_CI_AS;FALSE;FALSE;TRUE;Mixed;C:\Program Files\Microsoft SQL Server\MSSQL11.MSSQLSERVER\MSSQL;D:\SQL Server\MSSQL11.MSSQLSERVER\MSSQL\DATA;E:\Data\;F:\Data\;Y:\SQLBackup;D:\SQL Server\MSSQL11.MSSQLSERVER\MSSQL\Log;0
;;S1CTXBOX-DB;boxer.local;TRUE;FALSE;FALSE;TRUE;12.00.2000;Microsoft SQL Server 2014;RTM;Express Edition (64-bit);CTXBOXDB;1433;Standalone;Finnish_Swedish_CI_AS;FALSE;FALSE;TRUE;Integrated;D:\SQLServer\MSSQL12.CTXBOXDB\MSSQL;D:\SQLServer\MSSQL12.CTXBOXDB\MSSQL\DATA;D:\SQLServer\MSSQL12.CTXBOXDB\MSSQL\DATA\;D:\SQLServer\MSSQL12.CTXBOXDB\MSSQL\DATA\;D:\SQLServer\MSSQL12.CTXBOXDB\MSSQL\Backup;D:\SQLServer\MSSQL12.CTXBOXDB\MSSQL\Log;0
;;S1BIZ-DB-S;boxer.local;TRUE;FALSE;TRUE;FALSE;10.50.4270;Microsoft SQL Server 2008 R2;SP2;Developer Edition (64-bit);MSSQLSERVER;1433;Standalone;SQL_Latin1_General_CP1_CI_AS;FALSE;FALSE;TRUE;Mixed;D:\SQL2008R2\MSSQL10_50.MSSQLSERVER\MSSQL;D:\SQL2008R2\MSSQL10_50.MSSQLSERVER\MSSQL\DATA;D:\SQL2008R2\MSSQL\Data;E:\SQL2008R2_Log\MSSQL\Data;B:\SQL2008R2\MSSQL\Backup;D:\SQL2008R2\MSSQL10_50.MSSQLSERVER\MSSQL\Log;0
;;S2WEBDB;perimeter.boxer.local;TRUE;FALSE;FALSE;FALSE;10.50.1600;Microsoft SQL Server 2008 R2;RTM;Standard Edition (64-bit);MSSQLSERVER;1433;Standalone;Finnish_Swedish_CI_AS;FALSE;FALSE;FALSE;Mixed;G:\SQL Server\MSSQL10_50.MSSQLSERVER\MSSQL;G:\SQL Server\MSSQL10_50.MSSQLSERVER\MSSQL\DATA;D:\SQLData;E:\SQLLog;F:\SQLBackup;G:\SQL Server\MSSQL10_50.MSSQLSERVER\MSSQL\Log;0
;;S1WEBDB-S;perimeter.boxer.local;TRUE;FALSE;FALSE;FALSE;10.50.1600;Microsoft SQL Server 2008 R2;RTM;Standard Edition (64-bit);MSSQLSERVER;1433;Standalone;Finnish_Swedish_CI_AS;FALSE;FALSE;FALSE;Mixed;G:\SQL Server\MSSQL10_50.MSSQLSERVER\MSSQL;G:\SQL Server\MSSQL10_50.MSSQLSERVER\MSSQL\DATA;D:\SQLData;E:\SQLLog;F:\SQLBackup;G:\SQL Server\MSSQL10_50.MSSQLSERVER\MSSQL\Log;0
;;S2WEBDB-S;perimeter.boxer.local;TRUE;FALSE;TRUE;FALSE;13.00.4435;Microsoft SQL Server 2016;SP1;Standard Edition (64-bit);MSSQLSERVER;1433;Standalone;Finnish_Swedish_CI_AS;FALSE;FALSE;FALSE;Mixed;B:\SQL\Microsoft SQL Server\MSSQL13.MSSQLSERVER\MSSQL;D:\SQL\MSSQL12.BOXERSTAGE\MSSQL\DATA;D:\SQL\MSSQL12.BOXERSTAGE\MSSQL\DATA\;E:\SQL\MSSQL12.BOXERSTAGE\MSSQL\Data\;X:\SQL\MSSQL12.BOXERSTAGE\MSSQL\Backup;D:\SQL\MSSQL12.BOXERSTAGE\MSSQL\Log;0
;;S-K1WEBDB-P;perimeter.boxer.local;TRUE;FALSE;TRUE;FALSE;13.00.4435;Microsoft SQL Server 2016;SP1;Standard Edition (64-bit);MSSQLSERVER;1433;Standalone;Finnish_Swedish_CI_AS;FALSE;FALSE;FALSE;Mixed;B:\SQL\Microsoft SQL Server\MSSQL13.MSSQLSERVER\MSSQL;D:\SQL\MSSQL12.BOXERPROD\MSSQL\DATA;D:\SQL\MSSQL12.BOXERPROD\MSSQL\DATA\;E:\SQL\MSSQL12.BOXERPROD\MSSQL\Data\;X:\SQL\MSSQL12.BOXERPROD\MSSQL\Backup;D:\SQL\MSSQL12.BOXERPROD\MSSQL\Log;0
;;S1WEBDB-P;perimeter.boxer.local;TRUE;FALSE;FALSE;FALSE;11.00.3000;Microsoft SQL Server 2012;SP1;Enterprise Edition: Core-based Licensing (64-bit);MSSQLSERVER;1433;Standalone;Finnish_Swedish_CI_AS;FALSE;FALSE;FALSE;Mixed;G:\SQL Server\MSSQL11.MSSQLSERVER\MSSQL;G:\SQL Server\MSSQL11.MSSQLSERVER\MSSQL\DATA;D:\MSSQL\Data\;E:\MSSQL\Log\;F:\MSSQL\Backup;G:\SQL Server\MSSQL11.MSSQLSERVER\MSSQL\Log;0
;;S3DB-INTEG-P;tn.teracom.se;TRUE;FALSE;TRUE;FALSE;12.00.4100;Microsoft SQL Server 2014;SP1;Standard Edition (64-bit);MSSQLSERVER;1433;Standalone;Finnish_Swedish_CI_AS;FALSE;FALSE;FALSE;Mixed;B:\SQL\Microsoft SQL Server\MSSQL12.CRAMER\MSSQL;;D:\SQL\MSSQL12.CRAMER\MSSQL\DATA\;E:\SQL\MSSQL12.CRAMER\MSSQL\Data\;X:\SQL\MSSQL12.CRAMER\MSSQL\Backup;D:\SQL\MSSQL12.CRAMER\MSSQL\Log;0
;;S-K48A;ki.teracom.se;TRUE;FALSE;FALSE;TRUE;8.00.760;Microsoft SQL Server 2000;SP3;Standard Edition (64-bit);MSSQLSERVER;1433;Standalone;Finnish_Swedish_CS_AS;;;;Mixed;F:\SQLServer\MSSQL;;F:\SQLServer\MSSQL\Data\;E:\SQLServer\Log\;F:\SQLServer\MSSQL\BACKUP;F:\SQLServer\MSSQL\LOG\;0
;;S1BIZ-DB-P;boxer.local;TRUE;FALSE;TRUE;FALSE;;;;;MSSQLSERVER;1433;;;;;;;;;;;;;0
;;S2BIZ-DB-P;boxer.local;TRUE;FALSE;TRUE;FALSE;;;;;MSSQLSERVER;1433;;;;;;;;;;;;;0
;;S1CRM-DEV;boxer.local;FALSE;FALSE;FALSE;TRUE;;;;;;;;;;;;;;;;;;;0
;;S25A;ki.teracom.se;FALSE;FALSE;FALSE;TRUE;;;;;;;;;;;;;;;;;;;1
;;S4DB-P;ki.teracom.se;TRUE;FALSE;TRUE;FALSE;10.00.2531;Microsoft SQL Server 2008;SP1;Standard Edition (64-bit);MSSQLSERVER;1433;Standalone;Finnish_Swedish_CI_AS;;;;;;;;;;;1
;;S-K231A;ki.teracom.se;TRUE;TRUE;TRUE;TRUE;10.00.2531;Microsoft SQL Server 2008;SP1;Enterprise Edition (64-bit);MSSQLSERVER;1433;Standalone;Finnish_Swedish_CI_AS;;;;;;;;;;;1
;;S-K239A;ki.teracom.se;TRUE;TRUE;TRUE;TRUE;10.00.2531;Microsoft SQL Server 2008;SP1;Enterprise Edition (64-bit);MSSQLSERVER;1433;Standalone;Finnish_Swedish_CI_AS;;;;;;;;;;;1
;;S-K264A;ki.teracom.se;TRUE;TRUE;TRUE;TRUE;10.00.2531;Microsoft SQL Server 2008;SP1;Developer Edition (64-bit);MSSQLSERVER;1433;Standalone;Finnish_Swedish_CI_AS;;;;;;;;;;;1
;;S-KDIRSYNC;Corpnet.teracom.se;TRUE;FALSE;FALSE;FALSE;;;;;;;;;;;;;;;;;;;1
;;S-K1NAV-S;boxer.local;TRUE;FALSE;TRUE;FALSE;;;;;MSCRM_STAGE;50001;;;;;;;;;;;;;1
;;S-K1NAV-S;boxer.local;TRUE;FALSE;TRUE;FALSE;;;;;TRIBOLD_STAGE;60001;;;;;;;;;;;;;1
;;S3NAV-P;boxer.local;TRUE;FALSE;TRUE;FALSE;;;;;MSCRM_PRD;50000;;;;;;;;;;;;;1
;;S3NAV-P;boxer.local;TRUE;FALSE;TRUE;FALSE;;;;;TRIBOLD_PRD;60001;;;;;;;;;;;;;1
;;S-K1NAV-P;boxer.local;TRUE;FALSE;TRUE;FALSE;;;;;MSCRM_PRD;50000;;;;;;;;;;;;;1
;;S3DB-S;boxer.local;TRUE;FALSE;TRUE;FALSE;12.00.2000;Microsoft SQL Server 2014;RTM;Standard Edition (64-bit);MSSQLSERVER;1433;Standalone;Finnish_Swedish_CI_AS;FALSE;FALSE;FALSE;Mixed;G:\SQL\Microsoft SQL Server\MSSQL12.CUSTOMERDB\MSSQL;G:\SQL\MSSQL12.CUSTOMERDB\MSSQL\DATA;D:\SQL\MSSQL12.CUSTOMERDB\MSSQL\Data\;L:\SQL\MSSQL12.CUSTOMERDB\MSSQL\Data\;B:\SQL\MSSQL12.CUSTOMERDB\MSSQL\Backup;G:\SQL\MSSQL12.CUSTOMERDB\MSSQL\Log;0
;;S1AVTAL-DB-P;boxer.local;TRUE;FALSE;FALSE;FALSE;11.00.3000;Microsoft SQL Server 2012;SP1;Standard Edition (64-bit);MSSQLSERVER;1433;Standalone;Finnish_Swedish_CI_AS;FALSE;FALSE;FALSE;Mixed;C:\Program Files\Microsoft SQL Server\MSSQL11.MSSQLSERVER\MSSQL;D:\SQL Server\MSSQL11.MSSQLSERVER\MSSQL\DATA;E:\Data\;E:\Data\;Y:\SQLBackup;D:\SQL Server\MSSQL11.MSSQLSERVER\MSSQL\Log;0
;;S-K1CTLG-DB-T;boxer.local;TRUE;FALSE;TRUE;FALSE;12.00.2000;Microsoft SQL Server 2014;RTM;Developer Edition (64-bit);MSSQLSERVER;1433;Standalone;Finnish_Swedish_CI_AS;FALSE;FALSE;FALSE;Mixed;D:\SQL Server\MSSQL12.MSSQLSERVER\MSSQL;D:\SQL Server\MSSQL12.MSSQLSERVER\MSSQL\DATA;F:\Data\;L:\Log\;D:\Backup;D:\SQL Server\MSSQL12.MSSQLSERVER\MSSQL\Log;0
;;S-K1ACS-P;boxer.local;TRUE;FALSE;FALSE;FALSE;12.00.2000;Microsoft SQL Server 2014;RTM;Standard Edition (64-bit);MSSQLSERVER;1433;Standalone;Finnish_Swedish_CI_AS;FALSE;FALSE;FALSE;Mixed;D:\Microsoft SQL Server\MSSQL12.MSSQLSERVER\MSSQL;D:\Microsoft SQL Server\MSSQL12.MSSQLSERVER\MSSQL\DATA;E:\Data\;L:\Log\;E:\Backup;D:\Microsoft SQL Server\MSSQL12.MSSQLSERVER\MSSQL\Log;0
;;S-KDIRSYNC;Corpnet.teracom.se;TRUE;FALSE;FALSE;FALSE;;;;;;;;;;;;;;;;;;;1
;;S1CRM-DEV;boxer.local;FALSE;FALSE;FALSE;TRUE;;;;;;;;;;;;;;;;;;;0
;;S25A;ki.teracom.se;FALSE;FALSE;FALSE;TRUE;;;;;;;;;;;;;;;;;;;1
